height,transactions,tid,timestamp,winhash,winsalt,source
1,[],7c4d52a878fc39ca35d64f80162bbe37fa96d6af250896af88f7c02fb99864b8,1664071551468,56876d4ac4e901b5d34e2a3b6e8eab73e7f7864703626307c57225b2ae2a555a,67ccd1acc60b90ed929a093f2a496ac5dc7cb8855d5d431422b2324f4412ef54,0
2,[],23ff4b7b77602df93627004ec0b5b8f2e0c2c240dec4311742ea8bb4b2ebb31b,1664090880039,41e2e8beab88c48100c3b3be7f3067b52c8b7f731ffc97bc6f94d2633bedc1f3,5b0b20596203789364de61dc500db5fe6a44091c3b68f2f5346eaca674e682c5,http://127.0.0.1:3000
3,[],8102219ba67b6f3d025ff0d49f73194e9b970610f3ef516df7b5390a24d580bc,1664091000023,048ca9d2a64e64ad8e53e2299fd375aa8a6371d069bcdc10eada6ff0e0d1033c,ef95ac6f696569c1e651720b8522a7ce46eb0b22d2c448c23a21e0ff53c1337b,http://127.0.0.1:3000
4,[],fdd4ca28217c99d0b29e25c87d2166d24eac4f463d5a7ff140761e0aad4d8d99,1664091120082,0d6750755f79dbd421bca7a769da6d3c2f29df28a8f37bacc0e00bebd4e5b648,6e2222e0ca2809c9f98eb174c251c617698cdf2e63af61946f2909657aac81bc,http://127.0.0.1:3000
5,[],7c02f9eb8632f3c102a1fcfe826a5d42fba1d898ed9debe7e805aefa1dfcba85,1664091240100,2dd4db860963e64c80bb2c7147c03fc89424d7ee529febbdb52445a36734bc87,04d110201565bb90b4ce21640f618c5ec69770c92a766834840940515e646b61,http://127.0.0.1:3000
6,[],8d7dc5a1553787023371874f42902018748cdbb738ea307139ebf5a54d948629,1664091360008,d1a5cc304aa665dcecb62521a7be263a11127e0be5134c141d9e31b23ec053e7,cd8f1917ee84aa9f06e16f97e900e961ad1ec6b92ea27925906f1c143cf34186,http://127.0.0.1:3000
7,"[{""client"":""63dce4e9def3f986b4783d327f08770a17aedd1c5702c41403da08e994a00436"",""data"":""U2FsdGVkX18MlO9+85E0HETFR//sqaapuOLagqwBaO0="",""timestamp"":1664091436660,""source"":""http://127.0.0.1:3000""}]",c801e0313ee5edc227124fa1013e7b2512034884d73a9715ac8301507d1f5331,1664091480017,f10b1458a89d59e8f8bb0bdeb30eb4a504e8c4ce1367faf655033520578866bc,66a0ae72d97ab81dd5b72157858f3dc4459964e19b88d074240fc74c82c2c61d,http://127.0.0.1:3000
8,"[{""client"":""63dce4e9def3f986b4783d327f08770a17aedd1c5702c41403da08e994a00436"",""data"":""U2FsdGVkX18w2JreDN5N13kOWxVOzBANPHpf6hJeszs="",""timestamp"":1664091506594,""source"":""http://127.0.0.1:3000""}]",56a9d9997ae05a373c2aa2b414cf9360f6065971b2dba810f09ac4e972c026f8,1664091600023,4563f22ab1ff7b62b11238f426c41e55552c132e17e419fa3e119fea01db4932,a9097d79f2afcb8cb8f70977d1d4b20d7788f23ab66046a453ff78562d1c0b92,http://127.0.0.1:3000
9,[],5db843a796be563dd7b33be3ef6abce9f3c2ecdbd49930ae2a3af1149fd007e1,1664091720064,1914a58d263c358f4a7918565c3f64df6cf2f057235e61c4635987e79998ad81,cb9a0f89c27597f3e0d260d53d190d8db1ddc0316a26c6b4aaa096ed83871699,http://127.0.0.1:3000
10,[],1c69fa6db37b87589544f00c0cca03cece48c778fab317d50388a8346d4731d6,1664091840100,c724f76972c54496883e6e380d193a7de62135441da85d3636ee8e675eb31af0,37022e94fb88e62e4443700bfb911c42e570679245d598b1b9b6a697eda7333c,http://127.0.0.1:3000
11,[],c1fa82c4c032bb9ac9b61ed4f0e6bdfb3cd4c9f32c7d773c87a549925ca0f376,1664091960051,725fd7c788bfcad42b168982cc69fe7ef0558204d0db61e4c6e88022bf485c46,b3def9e68d126befe06c1a2b27eb110f9e7eed40ee2bc60967aa3e60e28e0885,http://127.0.0.1:3000
12,[],3dcf3095a6e5cdb363bcd73f01e2fe7cf5a458f00b438c622359f60e11b03add,1664092080079,5a8f7b9469c563e8d577a2fc515620fe3ad19e66ba3e02fe36ca4edfeea94103,a004428805b905dc5da0476f10cd00e590a3566e42bb9546fd48f309d2332706,http://127.0.0.1:3000
13,[],a4d190f3880537fade037085eb944c3a39441ff11de3b40cb68d7dba5c1f4242,1664092200011,dd213b93f92ec5225fa8f7a60f65b306aef7dc73098ddb6deadd8f178ed62b53,17920bbc2476ab57a1db0e79bb0eb15515cb318b8d30ada0b6b31cb726c23c93,http://127.0.0.1:3000
14,[],d2e8414944a8cebb98c3b6b51b648aad5c7ead0f2ff95f0802e4d82dc1ff1abc,1664092800003,2ac355b239ae7a036e08bf5a185be69dbbeebaaf2a46bb7979e8dcc55f18e285,cadbc55e2834d931da78929c2071be90868f07c2031c275a6914976285262656,http://127.0.0.1:3000
15,[],8a201b0b34a335872fcec24d1974d1e26fd384b7a18b5b0df3fa53e8b853a97d,1664092920099,27ec04591ed3344d271b4098a34db2b61b7dc601c6e63285496968ec93541076,84a9bfa308f8c5fe6e204a2e69094f7d8c79da50db953c4b1544957b8c7b9fc3,http://127.0.0.1:3000
16,[],96bdceecddd6e8fc9c2c3827a04b4f25f31522ace4c33dd04e4ccba73d69f96e,1664093040093,2bef1a425b91931ecd7ecf52f35b9c0af891a178988b338f4f4514b8ded07d23,94b229075944485380155fb5af218ee1d1d839ed46978eb0d6f35b196b0f88c3,http://127.0.0.1:3000
17,[],2f6e4e1a46724ffb68cc70f05a2a37757fda12c86399cfe7d7804212b60d1b21,1664093160002,be8d77f549e75714b0c004a106e42b59ceba88f9b63acce48f9b6894c013a32c,11847f38d8dcf50af2e2b8e32b22219f804f3389c15607806d12ca8d33f6e041,http://127.0.0.1:3000
18,[],f1137b22ee73e34709c0f57359dce44f4a288f9d6012a2bd5de822c4ae165cdc,1664093280023,6499b0668b9c51123ba38fc09dffe959b9fb17e2471d3c252cfa2f69b1f7d6d7,6c2a6db8f777d2b6f7c350d859cd387a88f06452f1a8e728bf1da902cb8dc9fd,http://127.0.0.1:3000
19,[],405f5fd611eefd1798cd1a48dc2bec51cc5d8f03adf515a8f002c3b08de2d274,1664093400063,f8d0ae115ae3d2677675d553423d98c19e82d98b32a772685733b3fd1573dfe4,aee05ebfaac9d785baed2494b6b5abaa99b0f6b72d795ed9f1f797d8f53f640a,http://127.0.0.1:3000
20,[],722f8d652965320bf39b8feaa8842802327eddc120e99e56e01c5f4c6412a342,1664100450008,7998f92b0840c24eea7fecbecf571b49449688e0d23969d6a3adbce44b850171,bad79a6f97b906b36766c24a6a68fbe935ad05a586046c2cb30aca01204f7e08,http://127.0.0.1:3000
21,[],7297a61f8033b144e8b0860425af6b26bca0ded259f47e591a705a29c61c0e70,1664100452020,1c5569d80381e798bc56bf82de398f08c395ba990f9f4999164ec0991c90a1ac,efe6a1368a6a4977851b7f0b754b64a652d300f4cb06cf37e3f91abd320fb2c5,http://127.0.0.1:3002
22,[],c7b3ca0c7360756b19db5168c37dc13cfffd2cff99ef19ead6fc2d3284397c9b,1664100454025,263cc26cb825a54587b7644a1eebb496b93fe353e7fa47eca215e6f8933eeb70,fe1826824e507962091a91e7908d1c19258ea94c083901167e9e822642dacd21,http://127.0.0.1:3002
23,[],00ed9bd43a99de4bd29e8fbff78d10f9586be26e3595c5a5e8f8d31ba819f364,1664100456029,89f24f70db9f8f85887d41d052a422cbedcc4141c2032344b2ad59a7727dce3b,baed96197d96c4b6ba0e8e7487b4581a965d1b29f3d1e45b824cd08e9a5b1e57,http://127.0.0.1:3002
24,[],5fb4335f434b27dbc7a2dea199970651e6e049d19635402ce8cacf80a7a06f78,1664100458040,330ada7745556a85ce724708622b3446b304d6a2dc5900f61210dd2a0179583c,a446505f0ffef737f695a2059fc5d258fe2eeb2884a7e40baa5d6805d4b09048,http://127.0.0.1:3001
25,[],078ae062036ca61d91c1c476fd5576157259aa09f1500116672a09aad6288b1f,1664100460045,685698ec865446651c8b330896c50c1645280ae4a2b3ce31f2ccd331c2b9231e,044c0ef299245e6381fd6e71c86f0b27a29ce510a2a13863958fbed3df1abbf3,http://127.0.0.1:3001
26,[],6068b7f6ca3856a394052a0a9dcd7b37aa03ccc5936117f54787e49d42f94523,1664100840020,da6ba5e62cc666d2883ce76796499d96f799a0504104a0bc133ab2cc1fd19ddf,a5b5f22a509b43ab483a999a94503d0e9babb1e042b2c424e6c5ba4aa078c650,http://127.0.0.1:3002
27,[],7a8ede00734d8852e94420d7b6377ff5a2a295104c539815f9514f3d26752912,1664100960011,57e093857d87f41fca33c6fa9b461c5a9b99044e4a8c9fbea15c2c2b24e85d5f,dcbc3b10fc8d21e11d9fad6dfb2fecdb19924d73998d18f60b4113583d38c521,http://127.0.0.1:3002
28,"[{""client"":""63dce4e9def3f986b4783d327f08770a17aedd1c5702c41403da08e994a00436"",""data"":""U2FsdGVkX184FA0OnFArFM0DGRvuDohp8nPgHKpYWXTbAb6tIIcZo5s4BdtQBAgu7I7e0dm+CmdMF95qVBJbAQ=="",""timestamp"":1664101199475,""source"":""http://127.0.0.1:3000""}]",ac090aae1538550b39f71610013145602fc2da1bf006613833289c064b37fb94,1664101200001,6f2eb77898c6b25100f41353e99245e79813209e59a0418c11f2ba89d47398d2,9cb27f4f6af65ef7f708d186b3c5660ade6c90f58ef2ad71779a0d714737b4a7,http://127.0.0.1:3002
